,VP-ing,of-ing,DET-ing,DET-of-ing,Poss-ing,Poss-of-ing
otal
compound,0.2857142857142857,0.0,0.5714285714285714,0.0,0.14285714285714285,0.0,0.0011109347722583717
