VP-ing,DET-ing,DET-of-ing,Poss-ing,Poss-dobj-ing,Poss-of-ing,Total
0.853887399464,0.0656836461126,0.0201072386059,0.0495978552279,0.0,0.00536193029491,0
