VP-ing,DET-ing,DET-of-ing,Poss-ing,Poss-dobj-ing,Poss-of-ing,Total
0.927325581395,0.031976744186,0.00436046511628,0.031976744186,0.0,0.0,0
