VP-ing,DET-ing,DET-of-ing,Poss-ing,Poss-dobj-ing,Poss-of-ing,Total
0.876075731497,0.0512048192771,0.0206540447504,0.00817555938038,0.0,0.000860585197935,0
